{
	"className": "WorldOfTurtle",
	"templates": ["overworld-physics", "overworld-camera"],
	"settings": {
		"windowSize": [1000, 700],
		"pixelScale": 0,
		"viewportSize": [900, 600],
		"perspective": true
	},
	"world": {
		"backwall": {
			"anim": "backwall",
			"size": ["{viewportWidth * 3}", "{viewportHeight * 3}"],
			"opacity": 0.5,
			"x": "{viewportWidth / 2}",
			"y": 420,
			"z": -450,
			"rotation": [-90, 0, 0]
		}
	},

	  "gridData": {
	    "mapper": "OverworldMapper",
	    "grid": [
	      "..                        [][][][][][][][][][][][][][][][][][][][][][][][]  [][][][]    [][][][]    [][][][]    [][][][]",
	      "..                      HH",
	      "..                      HH",
	      "..                      HH",
	      "..            ?0        HH",
	      "[][]    [][][][][][][][][][][][][]  [][][][]    [][][][][][][][][][][][][]  [][][][]    [][][][][][]VV[][][]  [][]  [][]",
	      "[]    [][]                [][][][]  [][][][]    [][][][][][][][][][][][][]HH[][][][]    [][][][]      [][][]  [][]  [][][][][][][]",
	      "[]    []      8                       [][][]    [][][][][]  [][][][][][][]HH[][][][]    [][][][]  [][][][][]  [][]  [][]          [][]",
	      "[]  $$[]                        [][]  [][]      [][][][][]  [][][][][][][]HH[][][][]    [][][][]  ^^^^^^^^^^  [][]  [][]                    [][][][]",
	      "[]    [][]    []      [][][][]    []  ..              [][]  [][][][][][][]HH[][][][]    [][][][][][][][][][][][][]  [][]                []",
	      "[]  [][]                ?1[][]    [][][][][]      []    []  []          []HH[][][][]    [][][][][][][][][][][][][]  [][]      -4----  -3--  -2--",
	      "[]        [][]    [][][][]      [][][][][][]    [][][]  []      VVVVVV          [][]                    [][]                                ----  ",
	      "[][]    [][][][]        [][][][][][][][][][]    [][]        VVVVVV  [][][][]          [][][][][][][]          [][]        -0--",
	      "....    [][][][][][][]          DD[][][][][]    [][][]  [][][][][][][][][]  [][][][]    [][][][][][][][][][][][][]    []            -1",
	      "[][][][][][][][][][][][][][][][][][][][][][]@@@@[][][][][][][][][][][][][]  [][][][][]  [][][][][][][][][][][][][]  [][]            --     "
	    ]
	  },



	"atlas": {
		"backwall": {
			"url": "assets/backwall.jpg",
			"hotspot":"{hotspot_center}"
		},
		"hex": {
			"url": "assets/hex.png",
			"collision_url": "assets/hex.png",
			"cols": 2, "rows": 2,
			"range": [0],
			"hotspot": "{hotspot_center}"
		},
		"sand0": {
			"url": "assets/sand.png",
			"collision_url": "assets/hex.png",
			"spriteWidth": 128, "spriteHeight": 128,
			"range": [0],
			"hotspot": "{hotspot_center}"
		},
		"sand1": {
			"url": "assets/sand.png",
			"collision_url": "assets/hex.png",
			"spriteWidth": 128, "spriteHeight": 128,
			"range": [1],
			"hotspot": "{hotspot_center}"
		},
		"sand2": {
			"url": "assets/sand.png",
			"collision_url": "assets/hex.png",
			"spriteWidth": 128, "spriteHeight": 128,
			"range": [2],
			"hotspot": "{hotspot_center}"
		},
		"sand3": {
			"url": "assets/sand.png",
			"collision_url": "assets/hex.png",
			"spriteWidth": 128, "spriteHeight": 128,
			"range": [3],
			"hotspot": "{hotspot_center}"
		},
		"turtle": {
			"url": "assets/turtle-spritesheet-rescaled.png",
			"spriteWidth": 238, "spriteHeight": 409,
			"range":[6],
			"frameRate": 10,
			"hotspot": [0.5, 0.90]
		},
		"turtle_run": {
			"url": "assets/turtle-spritesheet-rescaled.png",
			"spriteWidth": 238, "spriteHeight": 409,
			"range":[16, 23],
			"frameRate": 24,
			"hotspot": [0.5, 0.96]
		},
		"turtle_run_up": {
			"url": "assets/turtle-spritesheet-rescaled.png",
			"spriteWidth": 238, "spriteHeight": 409,
			"range":[71, 79],
			"frameRate": 24,
			"hotspot": [0.5, 0.96]
		},
		"turtle_run_down": {
			"url": "assets/turtle-spritesheet-rescaled.png",
			"spriteWidth": 238, "spriteHeight": 409,
			"range":[61, 70],
			"frameRate": 24,
			"hotspot": [0.5, 0.96]
		},
		"turtle_jump": {
			"url": "assets/turtle-spritesheet-rescaled.png",
			"spriteWidth": 238, "spriteHeight": 409,
			"range":[32, 40],
			"frameRate": 15,
			"hotspot": [0.5, 0.96]
		},
		"turtle_jump_up": {
			"url": "assets/turtle-spritesheet-rescaled.png",
			"spriteWidth": 238, "spriteHeight": 409,
			"range":[44, 51],
			"frameRate": 15,
			"hotspot": [0.5, 0.96]
		},
		"turtle_jump_down": {
			"url": "assets/turtle-spritesheet-rescaled.png",
			"spriteWidth": 238, "spriteHeight": 409,
			"range":[52, 59],
			"frameRate": 15,
			"hotspot": [0.5, 0.96]
		},
		"peng": {
			"url": "assets/peng-spritesheet-rescaled.png",
			"spriteWidth": 349, "spriteHeight": 409,
			"range":[0],
			"hotspot": [0.4, 0.8]
		}

		,
    "debugBlock": {
      "url": "assets/debug-block.png",
      "collision_url": "assets/debug-block.png",
      "spriteWidth": 32,
      "spriteHeight": 32,
      "range": [
        0
      ]
    },
    "debugBlockHighlight": {
      "url": "assets/debug-block.png",
      "collision_url": "assets/debug-block.png",
      "spriteWidth": 32,
      "spriteHeight": 32,
      "range": [
        1
      ]
    },
    "debugCrate": {
      "url": "assets/debug-block.png",
      "collision_url": "assets/debug-block.png",
      "spriteWidth": 32,
      "spriteHeight": 32,
      "range": [
        2
      ]
    },
    "debugLadder": {
      "url": "assets/debug-block.png",
      "collision_url": "assets/debug-block.png",
      "spriteWidth": 32,
      "spriteHeight": 32,
      "range": [
        3
      ]
    },
    "debugMovingPlatform": {
      "url": "assets/debug-block.png",
      "collision_url": "assets/debug-block.png",
      "spriteWidth": 32,
      "spriteHeight": 32,
      "range": [
        4
      ]
    },
    "debugCeiling": {
      "url": "assets/debug-block.png",
      "collision_url": "assets/debug-block.png",
      "spriteWidth": 32,
      "spriteHeight": 32,
      "range": [
        5
      ]
    },
    "debugPlayer": {
      "url": "assets/debug-player.png",
      "collision_url": "assets/debug-player.png"
    },
    "debugCoin": {
      "url": "assets/debug-coin.png",
      "collision_url": "assets/debug-coin.png",
      "spriteWidth": 32,
      "spriteHeight": 32,
      "range": [
        0,
        3
      ],
      "frameRate": 10
    },
    "debugDoorBack": {
      "url": "assets/door.png",
      "collision_url": "assets/door.png",
      "spriteWidth": 64,
      "spriteHeight": 128,
      "range": [
        0
      ],
      "frameRate": 10
    },
    "debugDoorStill": {
      "url": "assets/door.png",
      "collision_url": "assets/door.png",
      "spriteWidth": 64,
      "spriteHeight": 128,
      "range": [
        1
      ]
    },
    "debugDoorOpen": {
      "url": "assets/door.png",
      "collision_url": "assets/door.png",
      "spriteWidth": 64,
      "spriteHeight": 128,
      "range": [
        1,
        4
      ],
      "frameRate": 8,
      "loopCount": 1
    },
    "debugBounce": {
      "url": "assets/debug-bounce.png",
      "collision_url": "assets/debug-bounce.png",
      "spriteWidth": 32,
      "spriteHeight": 32,
      "range": [
        0
      ]
    },
    "debugBounceBouncing": {
      "url": "assets/debug-bounce.png",
      "collision_url": "assets/debug-bounce.png",
      "spriteWidth": 32,
      "spriteHeight": 32,
      "range": [
        0,
        3
      ],
      "frameRate": 8
    },
    "debugGradient": {
      "url": "assets/gradient.png",
      "collision_url": "assets/gradient.png"
    },
    "npc": {
      "still": {
        "url": "assets/debug-npc.png",
        "collision_url": "assets/debug-npc.png",
        "spriteWidth": 32,
        "spriteHeight": 32,
        "range": [
          0,
          3
        ]
      },
      "talk": {
        "url": "assets/debug-npc.png",
        "collision_url": "assets/debug-npc.png",
        "spriteWidth": 32,
        "spriteHeight": 32,
        "range": [
          4,
          7
        ]
      }
    },
    "hero": {
      "still": {
        "url": "assets/stick.png",
        "collision_url": "assets/stick-collision.png",
        "spriteWidth": 128,
        "spriteHeight": 172,
        "frameRate": 10,
        "range": [
          0,
          3
        ]
      },
      "run": {
        "url": "assets/stick.png",
        "collision_url": "assets/stick-collision.png",
        "spriteWidth": 128,
        "spriteHeight": 172,
        "frameRate": 10,
        "range": [
          4,
          7
        ]
      },
      "jump": {
        "url": "assets/stick.png",
        "collision_url": "assets/stick-collision.png",
        "spriteWidth": 128,
        "spriteHeight": 172,
        "frameRate": 5,
        "range": [
          8,
          11
        ]
      },
      "climb": {
        "url": "assets/stick.png",
        "collision_url": "assets/stick-collision.png",
        "spriteWidth": 128,
        "spriteHeight": 172,
        "frameRate": 8,
        "range": [
          20,
          23
        ]
      },
      "climb_still": {
        "url": "assets/stick.png",
        "collision_url": "assets/stick-collision.png",
        "spriteWidth": 128,
        "spriteHeight": 172,
        "frameRate": 8,
        "range": [
          24,
          27
        ]
      },
      "dead": {
        "url": "assets/stick.png",
        "collision_url": "assets/stick-collision.png",
        "spriteWidth": 128,
        "spriteHeight": 172,
        "frameRate": 10,
        "range": [
          16,
          19
        ]
      },
      "crouch_still": {
        "url": "assets/stick.png",
        "collision_url": "assets/stick-collision.png",
        "spriteWidth": 128,
        "spriteHeight": 172,
        "frameRate": 8,
        "range": [
          28,
          31
        ]
      },
      "crouch": {
        "url": "assets/stick.png",
        "collision_url": "assets/stick-collision.png",
        "spriteWidth": 128,
        "spriteHeight": 172,
        "frameRate": 8,
        "range": [
          32,
          35
        ]
      }

	}
  }
}