{
	"className": "WorldOfTurtle",
	"windowSize": [1000, 700],
	"viewport": {
		"pixelScale": 0,
		"viewportSize": [900, 600]
	},
	"physics": [
	  {
	    "type": "Control8",
	    "id": "control"
	  },
	  {
	    "type": "Collision",
	    "id": "collision",
	    "config": {
	      "horizontal":true,
	      "deep":true
	    }
	  }
	],
	"atlas": {
		"backwall": {
			"url": "assets/backwall.jpg",
			"hotspot":"hotspot_center"
		},
		"hex": {
			"url": "assets/hex.png",
			"collision_url": "assets/hex.png",
			"cols": 2, "rows": 2,
			"range": [0],
			"hotspot": "hotspot_center"
		},
		"turtle": {
			"url": "assets/turtle-spritesheet-rescaled.png",
			"spriteWidth": 238, "spriteHeight": 409,
			"range":[6],
			"frameRate": 10,
			"hotspot": [0.5, 0.90]
		},
		"turtle_run": {
			"url": "assets/turtle-spritesheet-rescaled.png",
			"spriteWidth": 238, "spriteHeight": 409,
			"range":[16, 23],
			"frameRate": 24,
			"hotspot": [0.5, 0.96]
		},
		"turtle_run_up": {
			"url": "assets/turtle-spritesheet-rescaled.png",
			"spriteWidth": 238, "spriteHeight": 409,
			"range":[71, 79],
			"frameRate": 24,
			"hotspot": [0.5, 0.96]
		},
		"turtle_run_down": {
			"url": "assets/turtle-spritesheet-rescaled.png",
			"spriteWidth": 238, "spriteHeight": 409,
			"range":[61, 70],
			"frameRate": 24,
			"hotspot": [0.5, 0.96]
		},
		"turtle_jump": {
			"url": "assets/turtle-spritesheet-rescaled.png",
			"spriteWidth": 238, "spriteHeight": 409,
			"range":[32, 40],
			"frameRate": 15,
			"hotspot": [0.5, 0.96]
		},
		"turtle_jump_up": {
			"url": "assets/turtle-spritesheet-rescaled.png",
			"spriteWidth": 238, "spriteHeight": 409,
			"range":[44, 51],
			"frameRate": 15,
			"hotspot": [0.5, 0.96]
		},
		"turtle_jump_down": {
			"url": "assets/turtle-spritesheet-rescaled.png",
			"spriteWidth": 238, "spriteHeight": 409,
			"range":[52, 59],
			"frameRate": 15,
			"hotspot": [0.5, 0.96]
		},
		"peng": {
			"url": "assets/peng-spritesheet-rescaled.png",
			"spriteWidth": 349, "spriteHeight": 409,
			"range":[0],
			"hotspot": [0.4, 0.8]
		}
	},
	"cameras": {
	    "normal": {
	      "default": true,
	      "xOffset": 0,
	      "yOffset": 1000,
	      "zOffset": 550,
	      "zoom": 1,
	      "rotation": [60, 0, 0]
	    }
	}
}